Living Area,Bathrooms,Bedrooms,Lot Size,Age,Fireplace,Price
1.982,1,3,2,133,0,14.2212
1.676,1.5,3,0.38,14,1,13.4865
1.694,2,3,0.96,15,1,11.8007
1.8,1,2,0.48,49,1,13.8297
2.088,1,3,1.84,29,1,12.947
1.456,2,3,0.98,10,0,20.6512
0.96,1.5,2,0.01,12,0,5.0709
1.464,1,2,0.11,87,0,10.8794
1.216,1,2,0.61,101,0,6.8353
1.632,1.5,3,0.23,14,0,12.3266
2.27,2.5,3,4.05,9,1,30.9808
1.804,2.5,3,0.43,0,1,15.7946
1.6,1.5,3,0.36,16,0,8.0248
1.46,2,2,0.18,17,0,13.5708
1.548,2,3,0.36,0,1,17.3723
1.59,2.5,3,0.42,0,1,14.051
1.17,1.5,4,3,26,0,12.2221
1.51,2.5,3,0.39,0,1,15.1917
2.299,2.5,4,0.8,6,1,23.5105
2.577,2.5,4,0.77,1,1,25.9999
2.328,2.5,4,0.85,10,1,21.1517
1.172,2.5,3,0.85,73,1,10.2068
1.554,1.5,3,4.87,103,0,12.844
1.242,2,3,0.72,30,1,11.5659
1.376,2,3,0.46,25,1,14.5583
1.107,1,3,0.46,43,1,11.6289
2.25,2.5,4,2.48,10,1,23.8792
2.472,2,4,0.62,183,0,22.1925
2.843,2.5,4,0.71,5,1,31.0696
1.4,1.5,3,1,35,1,13.9079
1.342,1,2,0.57,41,1,10.9578
0.813,1,2,0.39,68,0,6.5325
1.48,2.5,2,0.29,14,1,8.9893
1.392,1,2,0.24,17,0,8.7588
1.512,1.5,3,0.25,13,1,13.2311
1.512,1.5,3,0.05,13,1,13.1411
1.696,2.5,3,0.71,5,1,15.8863
1.595,2,3,0.22,6,1,13.049
1.48,1.5,3,0.07,14,0,8.8207
2.291,2.5,4,0.1,0,1,17.8767
1.391,2,3,0.04,12,0,14.8246
2.501,2.5,4,0.07,0,0,20.5073
1.662,2,3,0.5,0,0,18.5323
0.957,1,3,0.19,45,0,7.1904
1.48,1.5,3,0.1,14,1,8.2556
2.275,2.5,4,2.17,0,0,19.9684
1.44,1,3,2.12,32,1,12.2221
1.008,1,3,0.33,41,0,8.1762
1.48,2.5,2,0.07,14,1,8.4291
2.116,2.5,3,2.17,0,1,20.6512
1.1,1,3,0.2,93,1,10.5363
0.96,1,2,0.54,11,0,4.5004
1.228,1,2,0.31,53,0,6.2105
1.56,1.5,3,0.88,16,1,10.3508
2.164,2,3,0.69,183,1,15.7513
2.634,2.5,4,0.24,83,0,7.9893
1,1,3,0.52,91,0,8.877
0.912,1,2,0.46,14,0,11.5312
1.572,1.5,3,1.61,16,0,11.8952
1.7,1,3,0.46,25,1,10.3861
1.35,1.5,3,0.46,26,0,11.2649
1.416,1.5,3,0.37,11,0,12.7385
1.56,2,3,1,4,1,15.3129
1.572,1.5,3,0.46,7,0,14.3808
1.326,2,4,0.46,7,0,13.3067
1.989,2,3,1,247,1,22.6742
1.158,1.5,3,0.86,14,0,9.8652
1.272,1.5,3,0.34,1,0,11.1394
1.852,2,4,0.92,37,1,10.1418
2.308,3,2,0.45,5,0,13.9219
1.7,2,2,0.69,15,0,11.5248
1.628,1.5,2,0.32,30,1,9.9574
2.738,2.5,2,0.76,12,1,22.4818
1.292,1.5,3,0.34,25,0,10.8459
1.056,2,2,0.52,7,0,10.7919
1.328,1,4,0.19,103,0,4.5904
1.272,1.5,4,0.19,115,0,8.3617
1.944,2.5,3,2.13,0,0,15.4723
1.232,1,3,0.72,43,1,10.1258
1.164,2,3,0.52,5,0,11.8949
1.215,1.5,3,0.23,41,0,12.8717
1.486,2.5,3,0.38,0,0,13.6379
1.272,1.5,3,0.34,1,0,12.4367
1.064,1,3,0.13,95,0,6.2938
1.547,2,3,0.72,11,0,17.2016
1.148,1,3,0.35,7,0,10.6524
1.821,2.5,3,1,0,0,14.7412
1.056,1,3,0.81,27,0,11.1221
0.995,1,3,0.38,47,0,7.5862
1.176,2,3,0.64,5,0,10.9578
0.912,1,2,0.11,68,0,11.9166
1.5,1.5,4,0.58,208,1,18.5318
1.852,1,4,0.1,147,0,10.4749
1.214,1,3,0.14,103,0,4.4674
1.38,1.5,2,0.13,0,0,8.054
1.324,1.5,3,0.19,5,0,9.3773
1.218,1.5,3,1.43,0,1,10.9999
1.629,1,3,0.76,180,0,1.6858
1.053,1,3,1,41,1,11.4326
1.308,1,2,1.35,17,0,10.6524
1.344,1.5,2,4,15,1,16.0995
1.608,1,3,0.44,63,1,13.9079
3.285,2,5,0.42,233,0,5.9003
1.582,1.5,3,0.35,11,0,14.7425
1.642,2,3,0.4,11,1,14.4695
1.248,2,3,0.35,11,0,13.0229
1.411,1,3,0.38,48,1,11.984
1.593,1,3,1.8,63,1,12.9723
1.666,2.5,3,0.2,1,1,13.3595
1.471,2.5,3,0.08,4,0,12.6311
1.876,2.5,3,0.34,1,1,16.7693
1.486,1.5,3,0.1,16,0,10.3958
1.747,2.5,3,0.36,1,0,15.5488
1.512,2.5,3,0.36,18,1,15.2112
2.527,2.5,4,0.46,1,1,22.8619
1.666,2.5,3,0.19,0,0,13.9435
1.456,2,3,0.75,1,1,16.1923
3.015,2.5,4,0.46,1,1,26.1011
0.967,2,4,1.2,55,0,12.0115
1.72,2,4,0.72,31,1,15.3013
3.515,2.5,4,0.51,0,1,29.8923
2.815,2.5,4,0.48,1,1,27.1791
0.72,1,3,1,113,0,12.6498
3.001,2.5,5,0.66,0,1,26.7731
1.822,2.5,3,0.47,4,1,18.1979
1.666,2.5,3,0.2,1,1,14.5663
1.343,2.5,2,0.12,15,1,12.8273
1.144,1,2,0.18,16,1,10.6524
1.214,1.5,2,0.01,17,0,10.1997
1.888,1,3,0.47,18,1,11.0963
1.668,2,2,0.19,16,0,14.7625
1.486,1.5,3,0.1,16,0,11.6321
2.278,2.5,4,0.45,0,1,19.488
1.36,1,4,0.92,53,0,14.3294
3.504,2.5,5,0.9,0,1,38.7652
1.921,2,3,0.46,0,1,24.089
3.726,2.5,4,2.31,3,1,26.046
0.912,1.5,2,0.16,16,0,9.0354
2.079,2.5,3,0.44,11,0,19.2694
1.184,2,3,0.16,18,0,10.2801
0.908,1,2,0.16,19,0,7.9567
1.492,2.5,3,0.17,16,0,10.1708
2.011,2.5,4,0.99,12,1,16.2913
0.912,1.5,2,0.15,19,0,7.5606
2.195,2,3,0.45,1,1,17.5874
1.561,1.5,4,0.32,17,0,15.9313
2.656,2.5,4,0.41,1,1,20.7237
2.425,2.5,4,0.42,0,1,20.5397
0.908,1,2,0.15,19,0,7.9116
1.158,1.5,3,0.57,7,0,16.1923
1.334,1.5,3,0.77,7,0,13.3155
1.561,1.5,3,0.32,16,1,15.9786
1.68,2,3,0.12,15,0,10.2405
1.514,2,3,0.16,17,0,11.4514
1.656,1.5,3,0.33,17,1,16.2006
1.184,1.5,2,0.15,19,0,9.3815
2.648,2.5,4,0.43,0,1,18.114
1.092,1.5,3,0.35,33,0,13.7309
1.88,2,3,0.62,7,0,13.6551
1.592,2,3,0.16,16,0,10.7049
2.516,2,3,2.96,40,1,16.3524
2.31,3,4,0.56,31,1,18.114
3.076,3.5,4,0.92,0,1,31.712
0.908,1,2,0.16,19,0,7.7547
0.912,1.5,2,0.15,19,0,8.1762
1.68,1,4,0.45,27,0,14.7517
3.355,2.5,4,0.83,1,1,26.3226
1.886,2.5,3,0.43,16,1,16.3191
1.605,2.5,3,0.15,0,1,12.592
1.772,2,3,0.29,0,1,16.4623
2.044,2.5,3,0.37,16,1,16.1562
1.124,1,3,0.45,26,0,16.3781
3.192,3,4,0.11,2,1,23.5152
1.498,1.5,2,0.18,0,1,12.0639
1.092,1,5,0.33,72,0,12.3834
0.896,1,2,0,48,0,7.6342
1.572,1.5,4,0.39,41,0,7.9982
0.986,1,3,0.06,133,0,6.9152
2.087,2.5,3,0.56,0,1,7.1647
1.596,1.5,3,0.28,49,0,14.0765
0.908,1,2,0.16,17,0,9.1792
1.5,1.5,3,0.49,31,1,13.4865
1.719,1.5,3,0.53,25,1,13.9079
2.81,2.5,4,0.74,14,1,24.4443
1.806,2.5,3,1.59,0,1,16.2091
3.355,2.5,4,0.83,1,1,26.3226
1.76,1,4,0.52,37,1,12.601
1.896,1.5,3,0.42,17,1,17.3102
1.498,1.5,2,0.18,0,1,12.0639
1.248,2,3,0.75,37,0,13.9079
2.32,2.5,4,0.65,16,1,18.9654
1.132,1,2,0.16,25,1,8.9432
2.359,2.5,4,0.61,1,1,19.6317
3.476,2.5,4,0.34,20,1,20.9122
1.693,1.5,3,0.37,26,1,14.0602
1.585,1.5,3,0.95,16,1,17.0567
1.758,2,3,0.3,25,0,11.1875
2.524,2.5,4,0.48,6,1,22.5885
1.908,2.5,3,0.27,25,1,16.3652
1.476,1.5,3,0.22,24,1,11.9858
2.266,2.5,4,0.26,0,1,21.283
1.92,2,3,0.59,31,1,14.2907
1.73,2.5,3,0.66,1,1,19.3524
1.726,2,3,0.06,26,1,18.9836
1.644,2.5,4,0.3,20,1,15.4432
1.908,2,3,0.26,0,1,24.8204
2.475,2.5,4,0.59,35,1,17.5514
3.02,2.5,4,0.77,2,1,29.7024
2.31,2.5,5,0.45,36,1,17.5514
2.119,2.5,4,0.76,16,1,20.1616
2.056,1.5,4,0.42,35,1,17.2814
2.5,2.5,4,0.57,0,1,23.2894
2.576,2.5,5,0.69,34,1,16.9124
2.541,2.5,4,0.49,5,1,23.2219
2.445,2.5,4,0.38,18,1,24.752
2.185,2.5,3,0.74,14,1,22.4928
3.981,3,4,0.69,0,1,29.4133
2.577,2.5,4,0.29,0,1,22.8806
1.728,2.5,3,0.27,0,1,17.06
1.837,1.5,3,0.52,18,0,17.5784
2.5,2.5,4,0.5,0,1,22.9055
1.91,2.5,4,0.58,19,1,15.7513
2.958,2.5,4,0.92,0,1,30.875
2.564,2.5,4,0.59,30,1,20.2157
2.604,3,4,0.24,0,1,24.1885
2.906,2.5,4,0.62,2,1,29.738
1.48,1.5,3,0.11,17,0,11.9751
2.648,2.5,6,0.57,41,1,17.5321
1.872,1.5,4,0.56,32,1,15.3129
1.911,1.5,4,0.43,35,1,15.6679
1.302,1.5,2,0.06,16,0,10.2086
1.664,2,3,0.38,25,1,14.9933
2.512,2.5,4,0.04,0,1,22.8375
2.38,2.5,3,0.95,9,1,26.1872
1.887,2.5,4,0.56,27,1,16.1118
2.086,2.5,4,0.46,14,1,19.0856
1.554,2,2,0.53,20,1,14.0701
3.358,3.5,4,0.58,9,1,36.8396
2.394,2.5,4,0.6,0,1,25.0976
2.066,2.5,4,0.41,32,1,18.0032
3.111,2.5,4,0.5,3,1,33.2888
2.402,2.5,4,0.47,28,1,17.7452
2.327,2.5,4,0.29,10,1,21.9262
2.541,2.5,4,0.5,5,1,25.4327
1.894,2,3,0.34,0,1,19.7105
1.74,1.5,3,0.46,26,0,16.6888
1.48,1.5,3,0.18,18,0,11.5401
1.752,2.5,3,0.74,10,1,20.861
1.375,1.5,2,0.2,20,1,10.7892
1.918,2,3,0.3,29,1,14.3294
2.793,2.5,3,0.01,21,1,28.2373
2.619,2.5,4,0.4,0,1,23.9301
1.744,1.5,4,0.57,35,1,14.321
3.72,4,5,0.8,0,1,37.9678
2,2.5,3,0.73,22,0,22.1263
1.142,1.5,3,0.19,18,0,11.1264
2.612,2.5,4,0.56,23,1,25.2872
2.008,2.5,4,0.32,0,1,17.2315
2.035,2.5,4,0.43,35,1,18.2068
1.375,1.5,2,0.09,22,0,9.4405
0.822,1,2,0.56,173,0,2.613
3.597,2.5,4,0.51,0,1,30.8218
1.536,1,2,2.84,55,1,11.7164
1.91,2.5,4,0.37,18,1,17.3639
3.017,3.5,4,0.49,0,1,28.2289
1.971,2.5,4,0.49,7,1,19.8083
1.314,1.5,2,0.1,19,0,10.0306
1.944,2.5,4,0.26,25,1,18.1225
1.375,1.5,2,0.08,21,1,10.3677
1.14,1.5,2,0.08,18,0,8.6651
1.48,1.5,3,0.08,19,0,9.6934
2.11,2,3,0.92,52,1,13.065
0.972,1,3,0.36,40,0,10.5843
0.96,2,2,0.63,11,0,11.4513
2.262,2,4,0.46,21,0,16.0426
0.864,1,3,1,128,0,10.5363
2.15,2,4,1.2,104,0,18.9995
1.17,2,2,2.5,10,0,10.4084
1.596,1,3,3.14,29,1,21.0081
1.53,2,3,0.48,20,1,13.7508
1.38,1.5,3,0.14,2,0,11.1436
1.708,1,2,0.87,39,1,7.4422
1.308,1,3,0.46,26,0,10.7912
1.416,1.5,3,1.94,5,0,12.3757
1.9,1.5,3,0.37,12,1,13.98
1.704,1,2,2.5,177,0,7.7921
1.372,1.5,3,0.69,26,0,14.5123
1.48,1.5,2,0.17,15,1,10.4412
3.003,3.5,4,0.46,88,1,39.1842
1.298,1,3,0.17,44,1,11.8468
1.772,2.5,3,0.06,14,1,17.6698
1.536,1.5,4,0.46,30,1,6.3852
1.4,2,3,0.98,25,1,21.2103
1.58,1.5,5,1,26,0,14.6611
1.656,1,3,0.1,94,0,11.3444
1.235,1,3,0.32,84,1,4.763
1.628,1,2,0.06,124,0,6.3101
1.144,1,3,0.64,15,0,5.1183
1.3,1,3,1.08,10,0,9.2436
1.56,1.5,3,1.59,5,0,11.4513
2.172,1,6,2,114,1,17.7604
3.319,2.5,3,2,20,0,26.9063
1.21,1,2,0.7,17,1,12.7303
1.768,1.5,4,0.37,48,1,13.3612
1.164,1,3,2,54,1,13.7508
1.832,2,4,0.52,47,1,14.5147
1.276,2,3,4.67,29,0,10.7306
2.092,2.5,4,3.64,0,1,26.0228
2.116,2,4,0.05,74,0,10.4412
1.248,2,3,1,14,0,12.0476
2.128,2,4,1,7,0,11.8409
1.056,1,2,9,5,0,14.6611
2.068,1,4,1,104,1,8.556
3.069,3.5,4,1.05,13,1,20.5498
2.334,2,4,0.44,39,0,16.3478
1.551,1,4,1.95,97,0,13.754
1.456,1,4,0.4,54,1,11.6862
0.775,1,2,0.46,47,0,10.9633
1.756,1.5,3,0.85,24,1,15.6606
1.296,2,4,0.38,51,1,13.9418
1.404,2,3,0.68,72,0,12.2229
1.632,2,4,0.57,20,1,17.9524
1.564,1,3,0.32,54,1,11.1633
1.501,2,3,0.4,44,1,13.4266
1.586,1.5,3,0.6,49,1,13.0239
1.412,1.5,3,0.35,103,0,12.168
2.223,2.5,4,4.34,9,0,19.9187
1.37,1,3,0.45,27,1,12.6311
3.03,2.5,4,0.5,1,1,26.5637
2.103,2.5,4,0.06,6,1,22.9915
1.56,1,2,2,43,1,16.1473
1.512,1.5,3,0.6,7,0,15.0909
3.133,3,4,0.5,1,1,28.736
2.316,2.5,3,0.54,7,1,18.9912
1.198,1,2,0.37,13,0,10.904
1.292,2,3,0.22,4,1,14.4561
0.957,1,3,0.18,49,0,9.0678
1.216,1,3,0.21,129,0,8.9955
2.256,1.5,4,0.17,124,0,12.2082
2.043,1.5,4,0.32,94,1,8.4333
1.512,1.5,3,0.05,13,1,14.4571
1.57,2,3,0.92,14,1,18.0803
1.616,2,2,1,36,1,19.8622
1.404,2,3,6.13,7,0,12.0192
1.552,1.5,3,0.46,9,1,16.3102
1.472,1.5,4,0.7,3,1,18.4515
2.367,2.5,4,0.36,4,1,18.9654
1.475,2,3,0.46,20,1,13.582
1.632,2.5,4,0.5,30,1,15.0022
1.964,2.5,4,0.48,6,1,18.9776
2.064,2.5,4,0.84,3,1,19.6603
1.601,1.5,3,0.03,8,1,16.1839
2.284,1.5,3,0.28,29,1,20.2836
1.672,2.5,3,0.15,0,1,15.6797
2.495,2.5,4,0.41,26,1,22.2198
1.176,1.5,2,0.22,31,0,10.3262
1.498,1,2,0.4,51,1,25.3545
1.272,1,3,0.26,31,0,11.617
1.138,1,3,0.14,98,0,11.2509
2.186,2.5,3,1.4,12,0,35.5529
1.743,2.5,3,0.15,0,1,20.4643
2.488,2,3,0.41,24,1,13.5011
0.936,1,3,0.4,34,0,10.6659
2.592,3,3,0.16,1,0,32.3819
1.327,2,2,0.67,35,1,13.5011
0.864,1.5,3,0.16,37,0,12.601
1.216,1.5,3,0.14,75,0,21.6018
3.467,2.5,4,0.34,3,1,44.6436
1.48,2.5,3,0.03,16,1,13.3155
0.892,1,2,0.29,113,0,14.6471
2.786,2.5,4,0.39,0,1,32.9484
1.568,1.5,3,0.05,18,0,11.0963
0.847,1,2,0.55,78,0,30.0931
2.242,2.5,3,0.07,0,0,25.5303
1.374,1.5,3,0.18,44,0,15.0909
1.92,2.5,3,0.16,0,1,18.4109
2.124,2.5,3,0.14,0,1,17.3446
1.48,2.5,3,0.03,16,1,12.774
2.022,2.5,3,0.48,0,1,21.3048
1.098,1,2,0.1,113,0,11.407
1.224,1,2,0.27,63,0,20.5947
2.55,2.5,3,0.46,0,1,20.9226
1.279,1,3,0.28,31,0,13.4378
1.177,1.5,3,0.17,36,0,11.3371
1.859,1.5,3,0.14,85,0,26.1301
2.219,2.5,4,0.3,15,1,21.8734
2.579,2.5,4,0.72,0,1,25.4944
1.568,1.5,3,0.16,18,0,14.3252
0.912,1,3,0.26,31,0,9.9463
1.209,1,2,0.19,73,0,12.3064
2.242,2.5,3,0.08,0,0,24.3305
2.27,2.5,3,0.46,0,1,21.2846
3.457,2.5,3,1,20,1,37.8465
1.738,2,3,0.22,5,0,26.3408
1.334,1.5,2,0.13,122,0,18.9654
2.322,2.5,3,0.27,0,1,35.7384
1.87,2.5,3,0.11,4,1,26.5515
1.888,2,3,0.39,6,0,16.8497
1.368,1,3,0.24,33,0,13.2088
1.2,1.5,3,0.32,1,0,13.0518
1.368,1,3,0.38,34,0,9.2519
2.23,2.5,3,0.62,1,0,22.9761
1.8,2.5,3,0.07,16,1,23.1298
1.043,1,3,0.15,104,0,15.2822
1.2,1,2,0.16,65,0,22.4888
2.346,2.5,4,0.35,0,1,24.4124
0.792,1,3,0.13,36,0,14.8989
2.3,2.5,3,0.07,16,1,23.6936
2.28,2.5,4,0.47,24,1,26.1031
1.652,1.5,3,0.05,4,1,24.6976
2.238,1.5,3,0.21,114,1,12.0476
1.016,2,2,0.01,41,0,16.8065
1.97,2.5,4,0.59,18,1,17.3794
1.68,2,3,0.39,27,1,21.3901
1.386,1.5,2,0.23,92,0,21.7797
1.55,2.5,2,0.07,16,1,17.1885
2.058,2.5,4,1.33,26,1,28.6474
1.126,2,3,0.22,46,1,17.494
1.85,2.5,4,0.19,16,1,26.1647
1.673,1,3,0.29,27,1,13.8424
2.208,2.5,3,0.05,17,1,14.8967
1.116,2,3,0.24,38,0,20.094
1.47,2.5,3,0.13,3,0,23.4429
3.356,2.5,4,0.34,6,1,33.3411
1.016,2,2,0.01,41,0,24.7639
1.612,1,3,0.29,34,1,12.2796
1.908,2,3,0.22,16,1,27.9083
1.064,1,2,0.1,77,1,17.7124
2.078,1.5,4,0.22,33,0,16.0007
2.47,2.5,4,0.34,26,1,15.4798
2.058,1.5,2,0.23,49,1,37.3227
1.4,1.5,3,1,17,0,12.2257
1.664,3,3,0.99,10,0,16.5213
1.488,2.5,3,2.15,1,1,12.804
1.12,2,3,0.73,7,0,12.0476
0.672,1,2,0.36,46,0,6.4174
1.164,2,3,0.34,8,0,12.4492
1.032,1,3,0.75,4,0,11.1534
1.736,2,3,0.38,37,1,11.459
1.061,1,3,0.92,48,1,9.7783
1.298,1,3,0.24,106,0,6.4552
1.164,2,3,0.64,7,0,11.4238
0.924,1,1,0.17,104,0,5.7678
0.96,1,3,1,51,0,8.9232
1.594,1.5,4,0.21,81,0,7.2189
2.008,2.5,4,0.46,19,1,21.0081
1.268,1,3,0.56,25,1,12.6049
1.48,1.5,3,0.08,16,1,9.879
1.034,1.5,2,0.21,14,1,10.3408
1.48,1.5,3,0.08,15,1,10.2806
1.35,1.5,2,0.68,1,1,15.9843
1.248,1.5,3,1.28,0,0,11.1353
2.294,3.5,4,0.52,0,1,23.4954
1.492,1.5,3,0.15,16,0,10.3256
1.336,1.5,2,0.35,20,1,8.158
2.31,2.5,4,1.4,3,1,22.918
1.542,2.5,3,0.25,10,0,11.6882
1.984,2.5,2,0.27,11,0,15.4238
1.48,1.5,2,0.12,17,0,10.0839
1.856,1.5,3,0.6,36,1,12.2257
1.688,1,3,0.03,29,1,12.804
1.248,1,3,0.96,46,1,10.2806
2.405,2.5,4,1.63,16,1,23.6055
1.392,1.5,3,0.26,21,0,9.1672
1.394,1,4,0.46,33,0,13.0757
1.94,2,3,0.85,9,0,20.0793
2.068,2.5,4,0.46,17,1,20.2836
1.664,1.5,3,0.21,76,0,6.0238
1.32,1,3,0.17,90,0,4.0932
1.281,2.5,2,0.02,19,1,9.2519
1.397,1.5,2,0.76,14,1,14.8692
1.62,2.5,3,0.86,1,1,12.391
1.344,1.5,3,0.64,16,0,10.3258
3.361,3.5,4,0.71,1,1,39.4532
2.04,2.5,4,0.65,1,1,18.7104
1.219,1.5,2,0.01,19,0,9.7476
1.253,1.5,2,0.21,16,1,12.5562
1.876,2.5,3,0.24,1,1,20.8048
3.296,2.5,4,0.61,6,1,33.4556
1.496,1,3,0.25,37,1,13.4933
2.2,2.5,4,0.61,1,1,17.814
3.308,2.5,4,0.66,7,1,34.5364
3.328,2.5,4,0.35,0,1,28.55
1.824,2.5,3,0.18,11,1,22.8904
2.147,2.5,4,0.61,9,1,20.7018
2.093,2.5,3,0.46,1,1,25.7015
1.336,2,3,0.32,11,0,16.0635
2.934,2.5,3,0.66,9,1,32.9221
1.152,1,3,0.8,36,0,13.6499
1.348,2.5,2,0,18,1,12.1279
2.376,2.5,4,0.06,10,1,24.0952
2.926,3,4,0.84,11,1,34.0545
2.249,2.5,4,0.59,1,1,17.6846
2.919,2.5,4,0.05,5,1,31.2448
3.423,2.5,4,0.38,0,1,31.4912
1.536,2.5,3,0.72,7,1,17.1885
2.216,2.5,3,0.5,8,1,22.5742
2.572,2.5,4,0.94,9,1,24.0639
2.412,2.5,4,0.55,10,1,23.6742
1.281,2.5,2,0.01,18,1,9.9311
1.623,1.5,4,0.44,36,1,13.6192
2.619,2.5,4,0.53,4,1,22.3266
1.364,1.5,2,0.14,19,1,13.3215
1.62,1.5,4,0.04,99,0,7.765
1.785,2.5,3,0.17,1,0,15.0505
1.796,2.5,3,0.92,14,0,16.9343
1.184,2,3,0.15,17,0,11.5566
1.785,2.5,3,0.16,1,0,15.4528
2.655,2.5,4,0.37,1,1,21.8184
3.2,2.5,4,1.27,1,1,36.6772
2.011,2.5,4,0.67,12,0,19.999
3.329,1.5,3,0.62,14,0,30.3599
1.24,1.5,2,0.15,17,0,9.4774
1.184,1.5,2,0.15,18,0,9.8389
1.385,1.5,2,0.16,17,1,11.0115
1.732,1.5,3,0.31,17,1,16.0349
0.728,1,2,0.06,22,0,7.5094
1.508,2,3,0.33,16,1,15.2404
1.466,1,3,0.23,62,1,15.4314
0.69,1,3,0.04,114,0,9.9311
0.911,1,2,0.12,114,0,11.077
1.656,1.5,3,0.33,19,1,15.737
1.782,1.5,3,0.34,36,0,14.8203
0.912,1.5,2,0.16,20,0,8.5585
1.508,1.5,3,0.34,19,0,13.7606
1.266,1,3,0.03,134,1,11.0889
0.912,1.5,2,0.16,18,0,9.6004
1.506,1.5,3,0.46,24,1,11.9001
1.928,2,4,0.27,134,1,7.4421
1.536,2,3,0.98,6,0,14.5123
1.811,2.5,3,0.46,19,1,16.3728
1.948,2.5,3,1.13,13,1,19.3497
0.864,1.5,3,0.07,114,0,7.3892
1.76,1.5,4,0.27,133,1,11.3367
1.872,1.5,3,0.36,18,0,16.2984
2.25,2.5,4,0.31,2,0,20.28
0.924,1,3,0.91,15,0,8.4291
1.406,1.5,2,0.16,19,0,9.8632
3.535,3,4,4.2,39,1,15.5713
1.561,1.5,3,0.33,18,0,14.6626
0.988,2,2,0.15,19,0,9.2932
1.785,2.5,3,0.16,1,1,16.4419
2.655,2.5,4,0.37,1,1,21.8184
2.372,2,3,0.44,2,1,17.4208
2.504,2.5,4,0.48,14,1,20.0713
1.184,1.5,2,0.16,20,0,10.2003
1.527,2,2,0.31,17,1,8.5939
1.764,2.5,3,1,8,1,21.0672
1.184,1.5,2,0.15,18,0,9.8389
1.168,2,3,0.14,21,0,10.2806
0.912,1.5,2,0.16,20,0,11.1239
0.912,1.5,2,0.16,18,0,10.0397
1.492,2.5,3,0.17,17,1,11.7703
1.508,2,3,0.36,20,1,15.2786
1.27,1,3,0.04,110,0,8.7852
2.31,2.5,4,0.65,31,1,18.067
1.688,2,5,0.17,119,0,5.5817
2.548,2.5,3,0.36,3,1,23.0708
1.385,1.5,2,0.15,17,0,9.3846
3.271,2.5,4,0.97,1,1,24.3276
1.921,2,3,1,0,1,22.6304
1.56,1,2,0.36,25,0,11.9784
1.84,1,3,0.14,8,0,10.8478
1.704,2.5,3,0.43,17,1,15.4696
1.971,2.5,4,0.35,11,0,19.8622
3.106,2.5,4,5.51,8,0,16.7776
0.924,1,3,0.91,15,0,8.4291
1.216,1,3,0.49,51,1,12.6436
1.635,1.5,4,0.28,52,0,12.9609
1.892,2,3,0.25,26,1,13.7127
2.95,2.5,4,0.41,1,1,27.7235
2.539,2.5,4,0.38,1,0,20.9555
1.375,1.5,2,0.07,21,1,10.1193
1.302,1.5,2,0.05,17,1,10.4084
0.937,1,2,0.13,19,0,9.9045
3.376,2.5,4,0.83,7,1,33.4556
2.328,2.5,3,0.24,1,1,18.6605
1.994,2,3,1,49,1,21.0646
2.623,2.5,4,0.53,0,1,23.0414
2.602,2.5,4,0.37,1,1,20.8253
1.48,1.5,3,0.14,19,0,10.4084
0.924,1,2,0.17,19,1,9.4584
3.236,2.5,4,2.5,0,1,23.3155
1.973,2.5,3,0.27,3,1,22.7994
1.422,1.5,3,0.23,20,0,11.5649
1.352,1.5,2,0.18,11,0,13.7044
2.772,2.5,4,0.29,0,1,26.1846
1.62,2,3,0.3,0,0,16.8739
2.5,2.5,4,0.46,11,1,23.6936
1.702,1.5,3,0.61,16,1,19.7581
2.748,2.5,4,0.92,3,1,29.7174
2.31,2.5,4,0.6,38,1,15.5414
1.74,1.5,3,0.53,36,0,14.176
2.5,2.5,4,0.19,0,1,21.4367
1.832,1.5,3,0.67,30,1,14.6981
2.657,2.5,4,0.6,15,1,26.826
0.976,2,2,0.34,21,0,6.9876
1.612,1.5,3,0.43,37,1,14.3768
1.456,1,3,0.49,23,1,13.0917
1.992,2.5,4,0.4,30,1,18.7701
2.348,2.5,4,0.51,7,1,24.0872
2.676,2.5,4,0.89,34,1,20.6415
2.304,2.5,4,0.35,0,1,19.179
3.44,2.5,4,0.63,3,1,31.2434
2.593,2.5,4,0.28,0,1,21.7226
2.162,2.5,4,0.38,19,1,17.6618
1.578,2.5,3,0.46,11,1,15.2786
2.088,2.5,4,0.49,22,1,19.0983
0.924,1,2,0.15,20,1,9.9082
1.734,1.5,4,0.45,34,1,14.8585
1.792,2.5,2,0.08,24,1,12.9868
2.96,2.5,4,0.61,8,1,30.4045
2.993,2.5,4,1.34,15,1,26.5848
2.027,2.5,3,0.46,15,1,18.7087
2.421,2.5,4,0.48,13,1,22.0776
1.758,2,4,0.27,26,1,16.119
2.702,1.5,5,0.35,31,1,18.4108
2.6,2.5,4,0.44,18,1,17.9524
2.572,2.5,4,1.03,6,1,24.4382
2.498,2.5,5,0.53,36,1,21.3137
2.396,2.5,3,2,5,1,24.4441
2.641,2.5,4,0.34,3,1,26.3938
3.123,2.5,4,0.49,14,1,27.1578
2.028,2,3,0.5,27,1,11.9937
1.873,2.5,4,0.29,32,1,14.0945
2.608,2.5,4,0.58,4,1,23.6819
0.929,1.5,2,0.17,21,0,9.1672
0.924,1,2,0.31,19,1,9.32
1.227,2,2,0.12,19,1,11.8409
2.294,2.5,5,0.4,36,1,18.0288
0.976,2,2,0.31,23,0,8.7852
2.762,2.5,4,0.46,17,1,23.7583
2.618,1.5,3,1.92,1,1,35.7138
2.024,2,3,1.55,25,1,19.8622
1.864,1.5,3,4,154,1,14.8967
1.78,2.5,2,0.1,25,0,13.3688
1.734,2.5,4,0.39,29,1,15.653
2.014,1.5,3,0.31,32,1,17.876
1.314,1.5,2,0.21,21,0,10.3633
2.262,2.5,4,0.53,24,1,18.2334
1.927,2,3,0.33,3,1,20.4661
2.708,2,4,1.2,21,0,7.4422
1.91,2.5,4,0.36,20,0,16.1496
1.48,1.5,3,0.21,19,0,8.9306
1.875,2.5,4,0.71,31,1,15.2491
1.665,2,4,0.29,27,1,16.0007
2.17,2.5,3,0.25,3,1,21.2103
1.822,1.5,3,0.34,12,0,17.1171
1.784,1.5,3,0.51,104,0,17.1171
1.348,2,2,0.36,11,1,16.2612
1.48,1.5,3,0.07,15,1,9.526
1.052,1.5,2,0.23,15,1,13.0239
1.836,2,3,0.35,27,0,12.5029
1.728,1.5,4,1.84,12,0,13.7681
2.214,2.5,3,0.46,22,1,17.5084
2.733,2.5,4,0.47,3,1,32.8491
2.931,3.5,4,0.46,12,1,28.2655
2.9,2.5,4,0.46,1,1,29.2524
2.254,1.5,4,0.43,31,1,14.0658
2.056,2.5,4,0.61,2,1,21.5824
1.212,1,2,2,87,1,16.5957
2.564,2.5,4,0.57,34,1,17.7998
2.176,2,3,0,36,1,26.0887
3.496,2.5,4,1.94,7,1,32.5262
1.332,1,3,0.02,45,1,11.4827
1.244,1.5,4,0.69,53,0,9.6958
1.29,2,3,1.19,16,0,10.4339
1.989,1.5,4,0.39,104,1,14.6609
1.212,1.5,3,1,6,0,15.0798
2.119,2.5,4,0.9,14,1,20.7347
1.808,1.5,2,2,6,1,19.99
1.716,2,4,0.69,4,1,13.3199
1.872,2,3,1.55,16,1,16.7253
1.548,1.5,3,0.31,85,0,9.7682
1.536,2,3,0.15,105,0,7.917
1.38,1,3,0.14,3,0,11.2877
1.08,2,3,1,15,0,7.8191
1.8,1.5,3,0.36,83,0,11.0738
1.754,1,4,0.1,110,0,10.1227
1.17,1,2,0.09,110,0,6.9463
2.088,2,3,0.9,2,1,16.7319
1.89,2,4,0.69,30,1,15.195
1.742,2.5,3,0.4,5,1,18.8497
1.544,2,3,0.4,72,0,10.8002
1.463,1.5,3,0.42,125,0,10.4371
0.84,1,1,0.18,57,1,6.9814
0.988,1,3,0.26,10,0,11.6938
1.68,2.5,3,0.46,4,1,20.0791
1.804,2.5,3,0.37,2,1,16.2631
1.498,1.5,3,0.77,10,0,16.6222
1.656,1.5,3,0.42,18,1,14.6978
1.72,2,3,3.8,27,1,15.682
1.82,2.5,3,2.06,18,1,17.0534
2.076,2.5,3,0.62,13,1,20.9371
1.82,1.5,4,0.34,45,1,15.359
1.468,1,4,0.34,51,0,12.4585
1.637,1.5,3,0.76,54,0,12.2044
2.526,2.5,4,5.89,1,1,22.4668
1.322,1,3,0.67,63,0,11.6589
1.736,1.5,3,0.55,17,1,17.9572
1.836,2,3,0.43,0,1,19.0444
1.643,2.5,3,0.41,3,1,21.3249
1.842,1.5,3,0.53,8,0,18.1399
2.167,2.5,3,0.37,8,1,19.3565
1.475,1.5,3,0.42,21,0,14.8231
3.026,4,4,1.34,1,1,33.7918
1.092,1.5,3,0.35,35,0,12.4669
2.311,2.5,4,0.3,20,1,16.7975
1.256,1.5,3,0.21,19,0,9.0446
1.04,1,3,0.47,12,0,10.123
1.12,1,3,0.11,14,0,9.1386
1.664,1.5,3,0.46,14,0,14.9078
2.268,1,3,3,25,0,12.1973
1.302,2,3,0.25,35,0,12.3827
1.239,1,3,0.37,33,1,10.9259
1.272,1,3,0.38,43,1,10.7766
1.666,1,3,0.18,140,0,19.1746
0.984,1,3,0.3,41,1,14.6161
1.322,1,3,1,130,0,14.0238
1.008,1,3,0.22,38,0,10.7513
1.092,1,3,0.28,41,1,15.743
2.576,2.5,3,0.55,31,1,33.0219
3.25,2.5,3,0.53,23,1,43.2845
1.445,1.5,3,0.2,17,1,24.0857
1.932,2,3,0.5,0,1,25.1259
1.43,2.5,3,0.16,5,0,16.9647
1.474,2,3,0.14,29,1,20.595
1.908,3.5,4,0.24,17,1,33.8596
2.329,2,5,0.17,72,0,26.8783
0.936,1,3,0.24,35,0,11.8585
1.92,1,3,0.27,34,1,11.374
1.675,2.5,2,0.04,18,1,25.7499
1.6,2,4,0.46,35,0,15.2466
1.428,2,3,0.16,85,0,11.4519
1.536,1.5,3,0.01,66,1,24.7839
1.924,2,3,1.04,16,0,18.1516
1.576,1.5,3,0.19,18,0,13.8914
1.288,1,3,0.34,32,0,10.8421
0.84,1,2,0.21,2,0,10.7411
1.11,1,3,0.06,115,1,16.6019
0.784,1,1,0.16,44,0,9.3174
1.98,2,3,0.22,6,0,23.1749
1.29,1.5,3,0.14,16,1,13.722
2,2.5,3,0.39,4,1,27.9522
2.49,2.5,4,0.3,4,1,25.0723
0.952,1,3,0.13,102,0,14.2057
1.56,1,3,0.3,31,0,11.1546
2.932,2.5,4,0.46,31,1,26.2461
2.31,3,2,0.25,23,1,29.8549
1.792,2.5,3,0.29,6,0,15.6164
1.25,1.5,4,0.22,43,0,18.3657
1.5,2,2,0.4,18,1,16.0692
0.864,1.5,3,0.16,39,0,14.7634
1.392,2.5,3,0.13,4,0,23.6215
0.812,1,2,0.1,115,0,10.9249
1.76,3,4,0.16,135,0,13.9104
0.898,1,2,0.61,57,1,10.4328
1.096,1,3,0.3,67,0,10.4984
1.2,2,3,0.56,10,0,9.0446
2.016,1.5,3,0.86,16,0,14.242
1.31,1.5,4,0.24,120,0,5.236
0.96,1,3,0.36,40,0,11.3796
1.056,1,3,0.44,47,0,10.4267
1.512,2,3,0.46,16,0,12.9427
1.89,2.5,3,0.46,27,0,15.195
1.812,2,3,1,16,1,17.2789
1.952,2.5,4,0.55,31,1,13.5526
1.856,1.5,3,0.6,37,1,14.8401
0.924,1,3,3.17,39,0,6.5615
2.346,2.5,4,0.54,1,0,28.3851
1.274,1.5,3,0.44,14,0,13.0782
1.42,1.5,3,0.35,13,0,13.5526
2.296,2.5,4,0.58,19,0,18.4315
2.026,2.5,4,1,1,1,14.6329
0.99,1.5,2,0.08,75,0,5.5851
1.711,1,3,0.45,112,0,11.1809
3.944,1,4,1.64,185,1,8.8092
1.344,2,3,0.92,13,0,2.6049
0.878,1,2,0.14,28,0,11.1702
2.248,2.5,4,0.58,7,1,23.2989
2.107,1,2,0.09,1,1,23.562
1.364,1.5,2,0.07,20,1,11.9389
1.27,1.5,3,0.09,18,1,11.2153
2.12,2.5,4,0.46,9,1,20.2527
1.668,2,3,0.26,18,1,15.0502
2.11,2.5,3,1,9,1,18.8497
1.242,2,2,0.13,3,1,12.9155
1.04,1,3,1.08,39,0,11.7287
2.084,2.5,3,0.43,5,1,20.9371
1.36,1,2,0.44,79,0,9.9903
2.024,2.5,4,0.52,10,1,20.595
1.019,1.5,2,0.24,16,0,12.7055
3.028,2.5,5,0.66,0,1,31.1709
1.242,2,2,0.12,2,1,14.2302
1.528,2.5,3,0.46,8,0,17.7539
2.988,2.5,5,0.5,9,1,27.7828
1.428,2,3,0.39,20,1,19.6512
1.144,1.5,3,0.52,44,1,10.4984
1.666,2.5,3,0.26,2,0,15.7411
4.534,2.5,6,5.08,15,1,29.5268
2.202,2.5,4,1.01,6,1,20.2751
1.184,2,3,0.16,21,0,10.4984
2.601,2.5,4,0.34,19,1,15.5929
2.51,2.5,4,0.44,1,1,22.6705
3.056,2.5,5,0.57,6,1,27.1339
1.592,1.5,3,0.16,18,1,12.6082
1.24,2,3,0.16,18,0,11.36
1.673,2,2,0.15,18,0,10.4556
1.852,2.5,4,0.44,16,0,16.7145
1.184,2,3,0.15,20,1,10.6365
2.641,3,4,0.39,1,1,23.8951
1.184,2,3,0.16,18,0,11.6589
1.952,2,4,0.15,33,1,17.0345
2.038,2.5,3,0.98,13,1,21.8517
1.276,2,2,0.17,26,1,9.7739
0.908,1,2,0.17,21,0,10.5035
2.434,2.5,4,1,20,1,23.3876
0.912,1.5,2,0.17,19,1,10.4651
2.494,2.5,3,0.53,13,1,21.2932
2.96,2.5,4,0.37,1,1,27.8906
1.294,1.5,3,0.32,17,1,16.0571
2.152,2.5,3,0.3,8,0,18.4315
0.988,1,2,0.15,20,0,10.0967
2.712,2.5,4,0.5,1,0,22.0261
2.203,2.5,3,0.57,1,1,18.9665
3.001,2.5,4,0.31,1,1,24.059
2.31,2.5,4,0.47,33,1,16.9407
2.04,2.5,5,0.07,127,0,12.7394
3.144,2.5,4,0.49,1,1,22.2576
1.806,2,4,0.8,40,0,20.051
1.54,1.5,3,0.43,16,0,15.5787
2.011,2.5,4,0.37,14,1,18.6348
3.344,3.5,4,0.36,1,1,21.7868
2.714,3,4,0.55,1,0,20.8635
1.518,1,3,0.04,130,0,8.2019
1.836,2.5,3,0.44,9,0,18.3066
2.066,2.5,3,0.39,2,1,23.6215
1.423,1.5,3,0.34,9,1,15.0849
1.512,2,3,0.77,12,1,17.8216
2.144,2.5,3,0.92,19,1,19.6846
1.61,2,3,0.1,17,0,13.5167
1.196,1.5,4,0.15,56,0,6.555
1.376,1.5,3,0.53,14,1,14.3697
1.834,2,4,0.43,65,0,11.2153
1.72,1.5,3,0.36,19,0,16.331
1.295,1.5,3,0.13,125,0,11.7907
0.8,1,2,0.46,55,0,4.9211
1.868,2.5,3,0.36,13,1,18.7003
1.946,1.5,4,0.38,18,0,13.5823
1.142,2,2,0.76,40,1,11.3514
1.202,1.5,2,0.15,18,0,10.253
1.3,2,3,0.49,227,1,7.5975
1.508,1.5,3,0.31,19,1,12.8434
2.271,2.5,3,0.35,1,1,18.5487
1.592,1.5,3,0.16,18,1,12.6082
0.912,1.5,2,0.16,18,0,9.8333
1.673,2,2,0.15,18,0,10.4556
2.31,2.5,4,0.55,33,1,15.7081
0.912,1.5,2,0.15,20,0,9.2852
2.641,3,4,0.39,1,1,23.8951
1.708,2,2,0.17,14,1,24.2952
0.988,1,2,0.15,20,0,7.5399
2.058,2.5,3,0.31,1,1,22.0765
2.31,2.5,4,0.45,33,1,16.3992
2.434,2.5,4,1,20,1,23.3876
1.612,2,3,0.95,15,1,16.0571
3.081,2.5,4,0.3,1,1,25.1699
1.227,1,3,0.24,115,1,10.2626
2.762,3,4,0.54,1,1,20.3478
3.982,4.5,4,5.61,6,1,35.4739
2.212,2.5,4,0.32,18,1,18.4654
1.173,1,3,0.45,16,1,12.5361
2.604,2.5,4,0.33,0,1,23.7062
1.54,1.5,3,0.43,16,0,15.5787
2.472,3.5,4,0.31,0,1,23.6829
1.184,1.5,2,0.16,18,0,10.7743
2.12,2.5,3,0.54,10,0,21.0743
2.472,2.5,3,0.33,0,1,21.6841
1.592,1.5,3,0.17,18,0,11.8517
1.404,1.5,3,0.48,28,1,11.6795
3.344,2.5,4,0.37,0,1,15.8789
1.69,2.5,3,0.46,5,1,20.0126
1.512,2,3,0.77,12,1,17.8216
1.82,1.5,4,0.54,35,0,10.1375
1.476,2,3,0.66,6,0,10.3672
1.652,1.5,3,0.38,105,1,11.0234
2.331,2.5,4,1,1,1,20.6931
0.96,1,2,0.36,48,0,8.9893
1.54,1,2,0.04,115,0,3.1113
1.668,1.5,4,0.06,115,0,5.9043
0.912,1,3,0.35,37,0,9.4064
0.743,1,3,0.05,105,0,5.0483
3.021,2.5,4,0.72,21,1,25.3433
1.274,2,3,0.48,20,1,14.4335
0.792,1,2,0.4,55,0,5.421
0.96,1,3,0.26,48,0,9.3895
1.6,1,3,0.27,57,0,13.0574
1.15,1,3,0.34,45,0,9.4486
1.456,1.5,3,0.15,155,0,10.9577
2.464,2.5,4,1,2,1,25.3973
1.326,1,3,2,52,0,32.633
2.808,2.5,4,0.6,1,1,28.4154
1.479,1.5,3,0.06,17,0,11.5771
2.498,2.5,4,0.43,38,1,20.1876
1.064,1,3,0.31,45,0,9.9491
1.792,2,3,0.64,17,1,15.195
3.121,3,4,0.62,0,1,27.8936
1.032,1,2,0.12,23,1,10.123
2.668,2.5,4,0.3,0,1,22.3055
2.996,2.5,4,0.35,1,1,23.7716
1.815,2.5,3,0.46,11,1,18.0817
1.281,1,2,0.19,8,0,10.123
2.204,1.5,4,0.48,31,1,18.1516
2.096,3,3,0.28,18,1,19.1988
2.57,2.5,5,0.6,28,1,18.361
2.936,2.5,4,0.33,6,1,23.7367
3.21,2.5,3,1,15,1,29.6708
3.02,2.5,4,0.41,1,1,27.2902
2.086,2.5,4,0.47,17,1,19.6875
1.98,1,4,7.16,205,0,13.9627
1.26,1.5,2,0.06,27,1,12.9155
1.938,2.5,3,0.63,26,1,19.8969
2.284,2.5,4,0.56,18,1,20.595
1.804,2.5,3,0.23,4,1,20.8743
1.375,1.5,2,0.06,20,1,11.24
2.226,2.5,4,0.43,31,1,17.4534
1.48,1.5,3,0.08,21,0,10.6117
1.228,1.5,3,0.21,21,0,10.7743
1.886,1.5,3,0.28,31,1,15.4499
1.479,1.5,2,0.06,20,1,13.6203
3.44,4,5,0.77,1,1,37.9472
2.588,2.5,4,0.35,31,1,18.9736
2.88,2.5,4,0.66,9,1,30.8253
2.133,1.5,4,0.28,34,1,13.4171
1.056,1,2,0.34,5,0,12.0279
1.314,1.5,2,0.06,20,1,11.2825
2.741,2.5,4,0.26,2,1,25.14
1.326,1.5,2,0.06,19,1,12.5361
1.38,1,4,0.89,105,0,9.4868
1.48,1.5,3,0.29,20,1,11.0182
2.05,1.5,4,0.31,33,0,18.0927
2.338,2.5,4,0.47,16,1,23.3714
1.91,2.5,4,0.41,21,0,17.2795
1.652,2,3,0.48,20,1,15.0772
3.542,3.5,4,0.56,1,1,32.9328
0.929,1.5,2,0.18,22,0,8.8092
1.831,2,3,0.47,19,1,18.7026
1.468,1.5,2,1.11,161,1,13.2138
2.039,2.5,4,0.52,18,1,16.3986
1.794,2,3,0.15,37,0,15.992
1.666,1.5,4,0.56,38,0,15.0434
2.388,2.5,4,0.83,20,1,21.653
2.505,2.5,4,0.03,1,1,26.2461
2.284,2.5,4,0.46,17,1,20.6688
1.879,2.5,3,0.27,5,1,19.0284
1.664,2,3,0.49,34,1,15.7476
3.82,4.5,4,1.4,18,1,34.7761
2.809,2.5,4,0.25,2,0,26.2461
2.066,2.5,4,0.65,35,1,19.4877
1.664,2,3,0.51,37,1,16.6335
2.35,2.5,3,0.3,15,1,19.3565
2.116,2.5,3,0.55,20,1,23.2934
1.48,1.5,3,0.08,19,0,10.8593
1.524,1.5,3,0.71,180,0,12.4013
1.034,1.5,3,0.16,15,0,10.0938
1.48,2.5,2,0.18,16,1,9.4064
0.88,1,3,0.34,56,0,10.9042
1.512,2,3,0.25,12,0,15.9175
0.912,1,3,0.51,34,0,9.4667
1.611,2,4,0.17,83,1,15.0434
1.47,2.5,3,0.23,11,1,14.9756
2.748,2.5,4,0.17,0,1,21.8475
1.512,1.5,3,0.18,15,1,17.2795
1.512,1.5,3,0.3,14,0,15.8565
2.039,1,3,0.24,55,0,6.0309
1.48,2.5,2,0.07,16,1,9.8256
2.872,3,5,0.21,0,1,23.8832
1.244,1.5,2,0.28,13,1,14.0269
1.355,1,3,0.47,60,0,9.8423
1.564,2,3,0.24,13,0,13.1165
1.022,1,3,0.44,55,0,9.3174
1.48,1.5,3,0.22,17,1,9.3895
1.904,2,2,2,2,1,21.3249
1.592,1.5,3,0.64,9,1,14.9078
1.332,1.5,3,0.86,9,1,15.5855
0.96,1,3,0.46,19,0,10.1375
2.143,2.5,3,0.1,6,0,26.0485
1.514,1.5,3,0.17,19,0,10.8958
1.986,2.5,3,0.36,1,1,22.8291
2.286,2.5,4,0.49,11,1,21.4749
2.752,3,5,0.94,9,1,25.6417
1.656,2.5,3,0.35,18,1,17.3082
3.37,3,4,0.11,11,1,29.5426
1.932,2.5,4,0.41,4,1,19.3774
1.184,2,3,0.16,19,0,10.0003
2.712,3,5,0.43,1,1,22.233
2.5,3.5,4,0.21,1,1,19.735
0.912,1.5,2,0.16,20,0,9.5708
2.604,2.5,4,0.27,1,1,24.925
1.836,1.5,4,0.36,106,1,15.7055
0.882,1.5,3,0.18,71,0,10.2287
2.002,2.5,4,1.03,14,1,17.8851
0.912,1.5,2,0.16,20,0,9.5708
1.508,1.5,3,0.34,21,0,13.5901
0.882,1.5,3,0.18,71,0,4.4873
2.396,2.5,4,0.27,28,1,18.2056
2.46,2.5,4,0.5,1,1,20.507
2.322,2.5,4,0.42,22,1,20.1928
1.48,1.5,3,0.07,22,0,10.8785
2.306,2.5,3,0.79,1,1,27.0841
2.756,2.5,4,0.39,33,1,18.5902
1.664,2,3,0.49,33,1,15.0581
3.125,2.5,4,0.53,3,1,28.5769
2.835,3,4,0.52,1,1,24.7125
2.464,2.5,4,0.58,42,1,20.324
2.628,2.5,3,1,20,1,20.7751
1.099,1,2,0.39,9,0,12.4939
1.225,1,3,0.24,48,1,8.013
2.764,2.5,4,0.07,1,1,22.7314
0.84,1,2,0.35,50,0,19.9733
1.363,2,3,2.4,39,0,4.9564
1.472,1,3,0.93,28,1,10.695
1.836,2.5,3,1,15,1,15.8338
1.774,2.5,3,0.36,1,1,16.9876
1.59,2.5,3,0.42,3,0,14.744
2.109,2.5,2,0.26,1,0,20.8339
1.47,1.5,3,0.35,12,0,14.8496
2.314,2.5,4,0.01,1,1,19.7956
1.04,1,2,0.17,19,0,6.7951
1.308,1,3,0.46,29,0,12.1798
1.954,1.5,2,0.22,66,1,24.2955
2.498,2.5,4,0.3,14,1,21.7314
1.874,2.5,3,0.54,31,1,14.1029
2.892,3.5,4,7.76,1,1,31.8121
2.4,2,3,2.26,26,0,15.385
1.572,1.5,4,0.06,50,1,8.8092
1.678,2.5,3,0.27,1,1,12.4939
1.388,1,3,0.23,60,0,10.7973
1.512,1.5,4,1,61,1,11.9875
1.653,2,3,0.48,79,0,6.6027
1.758,2.5,3,0.27,1,1,18.2649
2.31,2.5,3,1,18,0,20.648
1.802,2,4,0.97,56,1,10.7695
3.239,3.5,4,2.5,1,1,23.6737
1.44,2,2,0.61,66,1,15.4829
2.03,2.5,3,1,3,1,17.9492
2.097,2.5,3,1.93,10,1,18.9108
